{
  "project_info": {
    "project_number": "27162835709",
    "project_id": "intellinotes-2982a",
    "storage_bucket": "intellinotes-2982a.appspot.com"
  },
  "client": [
    {
      "client_info": {
        "mobilesdk_app_id": "1:27162835709:android:e8155eb267d5de1821dc94",
        "android_client_info": {
          "package_name": "com.codewithzainab.myapp"
        }
      },
      "oauth_client": [
        {
          "client_id": "27162835709-pered5bc0ipfsk262pnso8ojlhj6g05l.apps.googleusercontent.com",
          "client_type": 1,
          "android_info": {
            "package_name": "com.codewithzainab.myapp",
            "certificate_hash": "950e03f2fd5eb52d0e35334df78e33fe02cfcf53"
          }
        },
        {
          "client_id": "27162835709-n6v7bcubp4rf10l3qkrortlf10mnq69t.apps.googleusercontent.com",
          "client_type": 3
        }
      ],
      "api_key": [
        {
          "current_key": "AIzaSyCTlFot6034fpw3PMF9-3YKiPU3lUJpT6M"
        }
      ],
      "services": {
        "appinvite_service": {
          "other_platform_oauth_client": [
            {
              "client_id": "27162835709-n6v7bcubp4rf10l3qkrortlf10mnq69t.apps.googleusercontent.com",
              "client_type": 3
            },
            {
              "client_id": "27162835709-7cif91f91fl7c6s9umujmtpd9cj0nhtm.apps.googleusercontent.com",
              "client_type": 2,
              "ios_info": {
                "bundle_id": "com.codewithzainab.myapp"
              }
            }
          ]
        }
      }
    }
  ],
  "configuration_version": "1"
}